complexity_level,n,accuracy
Low (0-3),119,0.5630252100840336
Medium (4-7),346,0.523121387283237
High (7-10),730,0.6465753424657534
