model,Q1,Q2,Q3,Q4
claude-haiku,0.5643564356435643,0.6732673267326733,0.5625,0.7959183673469388
gemini-2.5-flash,0.5865384615384616,0.6336633663366337,0.4479166666666667,0.6326530612244898
gpt-4o-mini,0.47115384615384615,0.5392156862745098,0.6354166666666666,0.6938775510204082
