quartile,lines_range,n_snippets,n_predictions,accuracy
Q1,1–14,52,309,0.540453074433657
Q2,15–27,51,304,0.6151315789473685
Q3,28–51,48,288,0.5486111111111112
Q4,52–312,49,294,0.7074829931972789
