model,mean,std,Q1,median,Q3
claude-haiku,4.909604519774011,2.1723385915513016,3.0,6.0,6.0
gemini-2.5-flash,7.295,2.1798471662806334,6.0,8.0,8.25
gpt-4o-mini,6.02,2.5695550325545926,3.0,6.0,8.0
