model,rho,pval
claude-haiku,0.1639157137269812,0.00209484137637604
gemini-2.5-flash,-0.013832031371154263,0.7829774843002996
gpt-4o-mini,0.07258638224369875,0.14731062314051077
